indicator,date,rate
open,2023-12-22 19:00:00,375.01
high,2023-12-22 19:00:00,375.08
low,2023-12-22 19:00:00,374.88
close,2023-12-22 19:00:00,375.05
open,2023-12-22 18:00:00,375.05
high,2023-12-22 18:00:00,375.25
low,2023-12-22 18:00:00,374.99
close,2023-12-22 18:00:00,375.05
open,2023-12-22 17:00:00,374.7
high,2023-12-22 17:00:00,375.09
low,2023-12-22 17:00:00,374.58
close,2023-12-22 17:00:00,375.05
open,2023-12-22 16:00:00,374.62
high,2023-12-22 16:00:00,375.25
low,2023-12-22 16:00:00,371.67
close,2023-12-22 16:00:00,374.82
open,2023-12-22 15:00:00,374.6
high,2023-12-22 15:00:00,374.8
low,2023-12-22 15:00:00,374.07
close,2023-12-22 15:00:00,374.605
open,2023-12-22 14:00:00,374.8
high,2023-12-22 14:00:00,374.954
low,2023-12-22 14:00:00,373.15
close,2023-12-22 14:00:00,374.6
open,2023-12-22 13:00:00,374.64
high,2023-12-22 13:00:00,375.03
low,2023-12-22 13:00:00,374.59
close,2023-12-22 13:00:00,374.827
open,2023-12-22 12:00:00,374.46
high,2023-12-22 12:00:00,374.68
low,2023-12-22 12:00:00,373.63
close,2023-12-22 12:00:00,374.67
open,2023-12-22 11:00:00,374.6
high,2023-12-22 11:00:00,375.0
low,2023-12-22 11:00:00,374.01
close,2023-12-22 11:00:00,374.438
open,2023-12-22 10:00:00,374.09
high,2023-12-22 10:00:00,375.18
low,2023-12-22 10:00:00,373.9
close,2023-12-22 10:00:00,374.64
open,2023-12-22 09:00:00,373.32
high,2023-12-22 09:00:00,374.297
low,2023-12-22 09:00:00,372.455
close,2023-12-22 09:00:00,374.07
open,2023-12-22 08:00:00,373.54
high,2023-12-22 08:00:00,373.54
low,2023-12-22 08:00:00,372.0
close,2023-12-22 08:00:00,373.35
open,2023-12-22 07:00:00,372.62
high,2023-12-22 07:00:00,372.95
low,2023-12-22 07:00:00,372.55
close,2023-12-22 07:00:00,372.69
open,2023-12-22 06:00:00,372.7
high,2023-12-22 06:00:00,372.99
low,2023-12-22 06:00:00,372.43
close,2023-12-22 06:00:00,372.6
open,2023-12-22 05:00:00,372.39
high,2023-12-22 05:00:00,372.79
low,2023-12-22 05:00:00,371.98
close,2023-12-22 05:00:00,372.69
open,2023-12-22 04:00:00,372.69
high,2023-12-22 04:00:00,373.95
low,2023-12-22 04:00:00,372.02
close,2023-12-22 04:00:00,372.39
open,2023-12-21 19:00:00,373.31
high,2023-12-21 19:00:00,373.35
low,2023-12-21 19:00:00,373.0
close,2023-12-21 19:00:00,373.2
open,2023-12-21 18:00:00,373.54
high,2023-12-21 18:00:00,373.54
low,2023-12-21 18:00:00,373.0
close,2023-12-21 18:00:00,373.32
open,2023-12-21 17:00:00,373.57
high,2023-12-21 17:00:00,397.894
low,2023-12-21 17:00:00,365.878
close,2023-12-21 17:00:00,373.54
open,2023-12-21 16:00:00,373.54
high,2023-12-21 16:00:00,373.85
low,2023-12-21 16:00:00,372.285
close,2023-12-21 16:00:00,373.55
open,2023-12-21 15:00:00,372.075
high,2023-12-21 15:00:00,373.83
low,2023-12-21 15:00:00,371.71
close,2023-12-21 15:00:00,373.54
open,2023-12-21 14:00:00,371.52
high,2023-12-21 14:00:00,372.25
low,2023-12-21 14:00:00,371.32
close,2023-12-21 14:00:00,372.08
open,2023-12-21 13:00:00,370.35
high,2023-12-21 13:00:00,371.55
low,2023-12-21 13:00:00,370.07
close,2023-12-21 13:00:00,371.544
open,2023-12-21 12:00:00,371.195
high,2023-12-21 12:00:00,371.203
low,2023-12-21 12:00:00,370.04
close,2023-12-21 12:00:00,370.36
open,2023-12-21 11:00:00,371.438
high,2023-12-21 11:00:00,371.95
low,2023-12-21 11:00:00,370.99
close,2023-12-21 11:00:00,371.2
open,2023-12-21 10:00:00,372.03
high,2023-12-21 10:00:00,372.58
low,2023-12-21 10:00:00,370.82
close,2023-12-21 10:00:00,371.45
open,2023-12-21 09:00:00,373.147
high,2023-12-21 09:00:00,374.41
low,2023-12-21 09:00:00,371.78
close,2023-12-21 09:00:00,372.007
open,2023-12-21 08:00:00,372.19
high,2023-12-21 08:00:00,374.54
low,2023-12-21 08:00:00,369.0
close,2023-12-21 08:00:00,373.01
open,2023-12-21 07:00:00,372.07
high,2023-12-21 07:00:00,372.66
low,2023-12-21 07:00:00,372.01
close,2023-12-21 07:00:00,372.42
open,2023-12-21 06:00:00,372.1
high,2023-12-21 06:00:00,372.38
low,2023-12-21 06:00:00,371.75
close,2023-12-21 06:00:00,371.9
open,2023-12-21 05:00:00,372.36
high,2023-12-21 05:00:00,372.38
low,2023-12-21 05:00:00,371.99
close,2023-12-21 05:00:00,372.1
open,2023-12-21 04:00:00,372.59
high,2023-12-21 04:00:00,373.0
low,2023-12-21 04:00:00,371.5
close,2023-12-21 04:00:00,372.32
open,2023-12-20 19:00:00,371.35
high,2023-12-20 19:00:00,371.44
low,2023-12-20 19:00:00,370.62
close,2023-12-20 19:00:00,371.0
open,2023-12-20 18:00:00,371.0
high,2023-12-20 18:00:00,371.35
low,2023-12-20 18:00:00,370.9
close,2023-12-20 18:00:00,371.35
open,2023-12-20 17:00:00,370.64
high,2023-12-20 17:00:00,371.74
low,2023-12-20 17:00:00,364.061
close,2023-12-20 17:00:00,370.9
open,2023-12-20 16:00:00,370.57
high,2023-12-20 16:00:00,370.87
low,2023-12-20 16:00:00,370.0
close,2023-12-20 16:00:00,370.62
open,2023-12-20 15:00:00,371.9
high,2023-12-20 15:00:00,372.65
low,2023-12-20 15:00:00,370.53
close,2023-12-20 15:00:00,370.57
open,2023-12-20 14:00:00,375.115
high,2023-12-20 14:00:00,375.33
low,2023-12-20 14:00:00,371.53
close,2023-12-20 14:00:00,371.861
open,2023-12-20 13:00:00,375.82
high,2023-12-20 13:00:00,375.83
low,2023-12-20 13:00:00,374.86
close,2023-12-20 13:00:00,375.12
open,2023-12-20 12:00:00,374.71
high,2023-12-20 12:00:00,376.03
low,2023-12-20 12:00:00,374.71
close,2023-12-20 12:00:00,375.817
open,2023-12-20 11:00:00,374.81
high,2023-12-20 11:00:00,375.04
low,2023-12-20 11:00:00,374.03
close,2023-12-20 11:00:00,374.71
open,2023-12-20 10:00:00,374.3
high,2023-12-20 10:00:00,375.3
low,2023-12-20 10:00:00,373.85
close,2023-12-20 10:00:00,374.83
open,2023-12-20 09:00:00,373.33
high,2023-12-20 09:00:00,375.3
low,2023-12-20 09:00:00,370.625
close,2023-12-20 09:00:00,374.37
open,2023-12-20 08:00:00,372.4
high,2023-12-20 08:00:00,373.35
low,2023-12-20 08:00:00,371.524
close,2023-12-20 08:00:00,373.3
open,2023-12-20 07:00:00,372.31
high,2023-12-20 07:00:00,372.68
low,2023-12-20 07:00:00,371.9
close,2023-12-20 07:00:00,371.9
open,2023-12-20 06:00:00,372.02
high,2023-12-20 06:00:00,373.26
low,2023-12-20 06:00:00,371.87
close,2023-12-20 06:00:00,372.31
open,2023-12-20 05:00:00,371.75
high,2023-12-20 05:00:00,372.28
low,2023-12-20 05:00:00,371.75
close,2023-12-20 05:00:00,372.06
open,2023-12-20 04:00:00,373.25
high,2023-12-20 04:00:00,373.25
low,2023-12-20 04:00:00,371.35
close,2023-12-20 04:00:00,371.75
open,2023-12-19 19:00:00,373.06
high,2023-12-19 19:00:00,373.28
low,2023-12-19 19:00:00,373.0
close,2023-12-19 19:00:00,373.28
open,2023-12-19 18:00:00,373.11
high,2023-12-19 18:00:00,373.26
low,2023-12-19 18:00:00,373.0
close,2023-12-19 18:00:00,373.17
open,2023-12-19 17:00:00,373.19
high,2023-12-19 17:00:00,373.26
low,2023-12-19 17:00:00,372.999
close,2023-12-19 17:00:00,373.12
open,2023-12-19 16:00:00,373.21
high,2023-12-19 16:00:00,373.6
low,2023-12-19 16:00:00,372.14
close,2023-12-19 16:00:00,373.19
open,2023-12-19 15:00:00,372.01
high,2023-12-19 15:00:00,373.26
low,2023-12-19 15:00:00,371.55
close,2023-12-19 15:00:00,373.21
open,2023-12-19 14:00:00,371.96
high,2023-12-19 14:00:00,372.4
low,2023-12-19 14:00:00,371.74
close,2023-12-19 14:00:00,372.001
open,2023-12-19 13:00:00,372.021
high,2023-12-19 13:00:00,372.631
low,2023-12-19 13:00:00,371.47
close,2023-12-19 13:00:00,371.954
open,2023-12-19 12:00:00,371.96
high,2023-12-19 12:00:00,372.349
low,2023-12-19 12:00:00,371.29
close,2023-12-19 12:00:00,372.03
open,2023-12-19 11:00:00,371.66
high,2023-12-19 11:00:00,372.72
low,2023-12-19 11:00:00,371.36
close,2023-12-19 11:00:00,371.93
open,2023-12-19 10:00:00,370.915
high,2023-12-19 10:00:00,372.33
low,2023-12-19 10:00:00,369.84
close,2023-12-19 10:00:00,371.66
open,2023-12-19 09:00:00,373.25
high,2023-12-19 09:00:00,373.25
low,2023-12-19 09:00:00,370.65
close,2023-12-19 09:00:00,370.935
open,2023-12-19 08:00:00,373.06
high,2023-12-19 08:00:00,374.25
low,2023-12-19 08:00:00,369.61
close,2023-12-19 08:00:00,373.24
open,2023-12-19 07:00:00,373.04
high,2023-12-19 07:00:00,373.95
low,2023-12-19 07:00:00,372.99
close,2023-12-19 07:00:00,373.95
open,2023-12-19 06:00:00,372.99
high,2023-12-19 06:00:00,373.48
low,2023-12-19 06:00:00,372.82
close,2023-12-19 06:00:00,373.11
open,2023-12-19 05:00:00,372.68
high,2023-12-19 05:00:00,372.99
low,2023-12-19 05:00:00,372.61
close,2023-12-19 05:00:00,372.92
open,2023-12-19 04:00:00,371.92
high,2023-12-19 04:00:00,372.78
low,2023-12-19 04:00:00,371.92
close,2023-12-19 04:00:00,372.62
open,2023-12-18 19:00:00,372.3
high,2023-12-18 19:00:00,372.65
low,2023-12-18 19:00:00,372.01
close,2023-12-18 19:00:00,372.39
open,2023-12-18 18:00:00,372.35
high,2023-12-18 18:00:00,372.65
low,2023-12-18 18:00:00,372.003
close,2023-12-18 18:00:00,372.29
open,2023-12-18 17:00:00,372.28
high,2023-12-18 17:00:00,425.051
low,2023-12-18 17:00:00,306.525
close,2023-12-18 17:00:00,372.35
open,2023-12-18 16:00:00,372.59
high,2023-12-18 16:00:00,372.76
low,2023-12-18 16:00:00,305.75
close,2023-12-18 16:00:00,372.28
open,2023-12-18 15:00:00,372.71
high,2023-12-18 15:00:00,372.93
low,2023-12-18 15:00:00,372.26
close,2023-12-18 15:00:00,372.59
open,2023-12-18 14:00:00,372.49
high,2023-12-18 14:00:00,373.0
low,2023-12-18 14:00:00,372.25
close,2023-12-18 14:00:00,372.7
open,2023-12-18 13:00:00,371.046
high,2023-12-18 13:00:00,372.55
low,2023-12-18 13:00:00,370.98
close,2023-12-18 13:00:00,372.489
open,2023-12-18 12:00:00,371.12
high,2023-12-18 12:00:00,371.89
low,2023-12-18 12:00:00,370.63
close,2023-12-18 12:00:00,371.04
open,2023-12-18 11:00:00,370.595
high,2023-12-18 11:00:00,371.39
low,2023-12-18 11:00:00,370.324
close,2023-12-18 11:00:00,371.11
open,2023-12-18 10:00:00,369.79
high,2023-12-18 10:00:00,372.71
low,2023-12-18 10:00:00,369.63
close,2023-12-18 10:00:00,370.63
open,2023-12-18 09:00:00,370.19
high,2023-12-18 09:00:00,371.24
low,2023-12-18 09:00:00,368.26
close,2023-12-18 09:00:00,369.76
open,2023-12-18 08:00:00,369.45
high,2023-12-18 08:00:00,370.73
low,2023-12-18 08:00:00,366.75
close,2023-12-18 08:00:00,370.05
open,2023-12-18 07:00:00,368.84
high,2023-12-18 07:00:00,369.79
low,2023-12-18 07:00:00,368.81
close,2023-12-18 07:00:00,369.65
open,2023-12-18 06:00:00,369.35
high,2023-12-18 06:00:00,369.39
low,2023-12-18 06:00:00,368.52
close,2023-12-18 06:00:00,368.85
open,2023-12-18 05:00:00,369.81
high,2023-12-18 05:00:00,370.03
low,2023-12-18 05:00:00,369.3
close,2023-12-18 05:00:00,369.35
open,2023-12-18 04:00:00,370.13
high,2023-12-18 04:00:00,371.0
low,2023-12-18 04:00:00,369.67
close,2023-12-18 04:00:00,369.81
open,2023-12-15 19:00:00,370.0
high,2023-12-15 19:00:00,370.0
low,2023-12-15 19:00:00,369.85
close,2023-12-15 19:00:00,369.86
open,2023-12-15 18:00:00,369.97
high,2023-12-15 18:00:00,370.0
low,2023-12-15 18:00:00,369.55
close,2023-12-15 18:00:00,370.0
open,2023-12-15 17:00:00,369.88
high,2023-12-15 17:00:00,377.78
low,2023-12-15 17:00:00,345.127
close,2023-12-15 17:00:00,369.8
open,2023-12-15 16:00:00,368.77
high,2023-12-15 16:00:00,370.841
low,2023-12-15 16:00:00,368.77
close,2023-12-15 16:00:00,369.88
open,2023-12-15 15:00:00,370.63
high,2023-12-15 15:00:00,372.4
low,2023-12-15 15:00:00,367.21
close,2023-12-15 15:00:00,368.77
open,2023-12-15 14:00:00,369.53
high,2023-12-15 14:00:00,371.065
low,2023-12-15 14:00:00,369.19
close,2023-12-15 14:00:00,370.64
open,2023-12-15 13:00:00,370.12
high,2023-12-15 13:00:00,371.48
low,2023-12-15 13:00:00,368.99
close,2023-12-15 13:00:00,369.54
open,2023-12-15 12:00:00,371.31
high,2023-12-15 12:00:00,372.01
low,2023-12-15 12:00:00,370.1
close,2023-12-15 12:00:00,370.13
open,2023-12-15 11:00:00,371.26
high,2023-12-15 11:00:00,372.16
low,2023-12-15 11:00:00,370.12
close,2023-12-15 11:00:00,371.3
open,2023-12-15 10:00:00,369.09
high,2023-12-15 10:00:00,371.74
low,2023-12-15 10:00:00,368.43
close,2023-12-15 10:00:00,371.23
open,2023-12-15 09:00:00,368.5
high,2023-12-15 09:00:00,373.335
low,2023-12-15 09:00:00,365.64
close,2023-12-15 09:00:00,369.09
open,2023-12-15 08:00:00,367.06
high,2023-12-15 08:00:00,368.78
low,2023-12-15 08:00:00,365.93
close,2023-12-15 08:00:00,368.499
open,2023-12-15 07:00:00,367.55
high,2023-12-15 07:00:00,367.62
low,2023-12-15 07:00:00,366.6
close,2023-12-15 07:00:00,366.89
open,2023-12-15 06:00:00,367.73
high,2023-12-15 06:00:00,367.77
low,2023-12-15 06:00:00,367.49
close,2023-12-15 06:00:00,367.54
open,2023-12-15 05:00:00,368.4
high,2023-12-15 05:00:00,368.45
low,2023-12-15 05:00:00,367.0
close,2023-12-15 05:00:00,367.68
open,2023-12-15 04:00:00,366.99
high,2023-12-15 04:00:00,368.74
low,2023-12-15 04:00:00,366.99
close,2023-12-15 04:00:00,368.44
open,2023-12-14 19:00:00,366.68
high,2023-12-14 19:00:00,366.8
low,2023-12-14 19:00:00,348.332
close,2023-12-14 19:00:00,366.51
open,2023-12-14 18:00:00,366.31
high,2023-12-14 18:00:00,366.77
low,2023-12-14 18:00:00,366.25
close,2023-12-14 18:00:00,366.67
open,2023-12-14 17:00:00,366.32
high,2023-12-14 17:00:00,366.4
low,2023-12-14 17:00:00,365.93
close,2023-12-14 17:00:00,366.37
open,2023-12-14 16:00:00,366.13
high,2023-12-14 16:00:00,367.241
low,2023-12-14 16:00:00,365.852
close,2023-12-14 16:00:00,366.31
open,2023-12-14 15:00:00,365.57
high,2023-12-14 15:00:00,366.27
low,2023-12-14 15:00:00,364.89
close,2023-12-14 15:00:00,365.95
open,2023-12-14 14:00:00,364.881
high,2023-12-14 14:00:00,366.18
low,2023-12-14 14:00:00,364.82
close,2023-12-14 14:00:00,365.565
open,2023-12-14 13:00:00,366.54
high,2023-12-14 13:00:00,366.545
low,2023-12-14 13:00:00,364.13
close,2023-12-14 13:00:00,364.9
open,2023-12-14 12:00:00,367.1
high,2023-12-14 12:00:00,368.04
low,2023-12-14 12:00:00,366.54
close,2023-12-14 12:00:00,366.55
open,2023-12-14 11:00:00,369.17
high,2023-12-14 11:00:00,369.25
low,2023-12-14 11:00:00,366.05
close,2023-12-14 11:00:00,367.1
open,2023-12-14 10:00:00,370.315
high,2023-12-14 10:00:00,370.315
low,2023-12-14 10:00:00,367.65
close,2023-12-14 10:00:00,369.17
open,2023-12-14 09:00:00,374.88
high,2023-12-14 09:00:00,377.535
low,2023-12-14 09:00:00,369.685
close,2023-12-14 09:00:00,370.27
open,2023-12-14 08:00:00,375.65
high,2023-12-14 08:00:00,376.26
low,2023-12-14 08:00:00,369.02
close,2023-12-14 08:00:00,375.0
open,2023-12-14 07:00:00,375.44
high,2023-12-14 07:00:00,375.8
low,2023-12-14 07:00:00,374.5
close,2023-12-14 07:00:00,374.59
open,2023-12-14 06:00:00,375.67
high,2023-12-14 06:00:00,375.67
low,2023-12-14 06:00:00,375.06
close,2023-12-14 06:00:00,375.41
open,2023-12-14 05:00:00,375.24
high,2023-12-14 05:00:00,375.69
low,2023-12-14 05:00:00,374.97
close,2023-12-14 05:00:00,375.69
open,2023-12-14 04:00:00,376.0
high,2023-12-14 04:00:00,376.36
low,2023-12-14 04:00:00,375.0
close,2023-12-14 04:00:00,375.24
open,2023-12-13 19:00:00,374.54
high,2023-12-13 19:00:00,375.6
low,2023-12-13 19:00:00,374.37
close,2023-12-13 19:00:00,375.54
open,2023-12-13 18:00:00,374.24
high,2023-12-13 18:00:00,374.54
low,2023-12-13 18:00:00,374.1
close,2023-12-13 18:00:00,374.4
open,2023-12-13 17:00:00,374.37
high,2023-12-13 17:00:00,382.582
low,2023-12-13 17:00:00,371.855
close,2023-12-13 17:00:00,374.24
open,2023-12-13 16:00:00,374.31
high,2023-12-13 16:00:00,374.5
low,2023-12-13 16:00:00,373.2
close,2023-12-13 16:00:00,373.99
open,2023-12-13 15:00:00,374.46
high,2023-12-13 15:00:00,374.64
low,2023-12-13 15:00:00,370.77
close,2023-12-13 15:00:00,374.245
open,2023-12-13 14:00:00,373.2
high,2023-12-13 14:00:00,375.68
low,2023-12-13 14:00:00,373.186
close,2023-12-13 14:00:00,374.44
open,2023-12-13 13:00:00,374.02
high,2023-12-13 13:00:00,374.02
low,2023-12-13 13:00:00,373.206
close,2023-12-13 13:00:00,373.206
open,2023-12-13 12:00:00,374.07
high,2023-12-13 12:00:00,374.722
low,2023-12-13 12:00:00,373.84
close,2023-12-13 12:00:00,374.06
open,2023-12-13 11:00:00,375.18
high,2023-12-13 11:00:00,375.34
low,2023-12-13 11:00:00,373.16
close,2023-12-13 11:00:00,374.05
open,2023-12-13 10:00:00,375.87
high,2023-12-13 10:00:00,375.9
low,2023-12-13 10:00:00,374.95
close,2023-12-13 10:00:00,375.16
open,2023-12-13 09:00:00,377.62
high,2023-12-13 09:00:00,377.7
low,2023-12-13 09:00:00,371.325
close,2023-12-13 09:00:00,375.89
open,2023-12-13 08:00:00,376.45
high,2023-12-13 08:00:00,377.69
low,2023-12-13 08:00:00,374.351
close,2023-12-13 08:00:00,377.63
open,2023-12-13 07:00:00,376.49
high,2023-12-13 07:00:00,376.61
low,2023-12-13 07:00:00,375.87
close,2023-12-13 07:00:00,376.11
open,2023-12-13 06:00:00,374.87
high,2023-12-13 06:00:00,376.75
low,2023-12-13 06:00:00,374.85
close,2023-12-13 06:00:00,376.68
open,2023-12-13 05:00:00,375.09
high,2023-12-13 05:00:00,375.17
low,2023-12-13 05:00:00,374.84
close,2023-12-13 05:00:00,374.84
open,2023-12-13 04:00:00,375.31
high,2023-12-13 04:00:00,375.41
low,2023-12-13 04:00:00,374.43
close,2023-12-13 04:00:00,375.01
open,2023-12-12 19:00:00,375.19
high,2023-12-12 19:00:00,375.65
low,2023-12-12 19:00:00,374.38
close,2023-12-12 19:00:00,374.69
open,2023-12-12 18:00:00,374.6
high,2023-12-12 18:00:00,375.23
low,2023-12-12 18:00:00,374.41
close,2023-12-12 18:00:00,375.19
open,2023-12-12 17:00:00,374.63
high,2023-12-12 17:00:00,384.932
low,2023-12-12 17:00:00,372.54
close,2023-12-12 17:00:00,374.6
open,2023-12-12 16:00:00,374.38
high,2023-12-12 16:00:00,374.95
low,2023-12-12 16:00:00,374.26
close,2023-12-12 16:00:00,374.59
open,2023-12-12 15:00:00,372.59
high,2023-12-12 15:00:00,374.42
low,2023-12-12 15:00:00,372.531
close,2023-12-12 15:00:00,374.34
open,2023-12-12 14:00:00,372.525
high,2023-12-12 14:00:00,372.75
low,2023-12-12 14:00:00,372.2
close,2023-12-12 14:00:00,372.572
open,2023-12-12 13:00:00,372.3
high,2023-12-12 13:00:00,372.94
low,2023-12-12 13:00:00,372.1
close,2023-12-12 13:00:00,372.54
open,2023-12-12 12:00:00,372.02
high,2023-12-12 12:00:00,372.41
low,2023-12-12 12:00:00,371.24
close,2023-12-12 12:00:00,372.3
open,2023-12-12 11:00:00,371.95
high,2023-12-12 11:00:00,373.16
low,2023-12-12 11:00:00,371.665
close,2023-12-12 11:00:00,371.99
open,2023-12-12 10:00:00,371.72
high,2023-12-12 10:00:00,372.165
low,2023-12-12 10:00:00,370.46
close,2023-12-12 10:00:00,371.94
open,2023-12-12 09:00:00,370.97
high,2023-12-12 09:00:00,372.42
low,2023-12-12 09:00:00,366.28
close,2023-12-12 09:00:00,371.69
open,2023-12-12 08:00:00,372.0
high,2023-12-12 08:00:00,372.73
low,2023-12-12 08:00:00,370.8
close,2023-12-12 08:00:00,370.98
open,2023-12-12 07:00:00,372.0
high,2023-12-12 07:00:00,372.08
low,2023-12-12 07:00:00,371.54
close,2023-12-12 07:00:00,372.0
open,2023-12-12 06:00:00,372.09
high,2023-12-12 06:00:00,372.27
low,2023-12-12 06:00:00,371.95
close,2023-12-12 06:00:00,372.01
open,2023-12-12 05:00:00,372.37
high,2023-12-12 05:00:00,372.47
low,2023-12-12 05:00:00,371.8
close,2023-12-12 05:00:00,372.07
open,2023-12-12 04:00:00,371.7
high,2023-12-12 04:00:00,372.75
low,2023-12-12 04:00:00,371.7
close,2023-12-12 04:00:00,372.36
open,2023-12-11 19:00:00,370.48
high,2023-12-11 19:00:00,371.88
low,2023-12-11 19:00:00,370.48
close,2023-12-11 19:00:00,371.65
open,2023-12-11 18:00:00,370.75
high,2023-12-11 18:00:00,370.75
low,2023-12-11 18:00:00,370.3
close,2023-12-11 18:00:00,370.51
open,2023-12-11 17:00:00,370.85
high,2023-12-11 17:00:00,395.76
low,2023-12-11 17:00:00,370.52
close,2023-12-11 17:00:00,370.75
open,2023-12-11 16:00:00,371.3
high,2023-12-11 16:00:00,371.76
low,2023-12-11 16:00:00,369.828
close,2023-12-11 16:00:00,370.85
open,2023-12-11 15:00:00,369.765
high,2023-12-11 15:00:00,371.6
low,2023-12-11 15:00:00,369.7
close,2023-12-11 15:00:00,371.3
open,2023-12-11 14:00:00,369.44
high,2023-12-11 14:00:00,370.4
low,2023-12-11 14:00:00,369.32
close,2023-12-11 14:00:00,369.77
open,2023-12-11 13:00:00,369.02
high,2023-12-11 13:00:00,370.15
low,2023-12-11 13:00:00,368.92
close,2023-12-11 13:00:00,369.44
open,2023-12-11 12:00:00,368.52
high,2023-12-11 12:00:00,369.08
low,2023-12-11 12:00:00,368.03
close,2023-12-11 12:00:00,369.05
open,2023-12-11 11:00:00,369.8
high,2023-12-11 11:00:00,370.28
low,2023-12-11 11:00:00,367.82
close,2023-12-11 11:00:00,368.54
open,2023-12-11 10:00:00,368.72
high,2023-12-11 10:00:00,370.56
low,2023-12-11 10:00:00,368.06
close,2023-12-11 10:00:00,369.8
open,2023-12-11 09:00:00,370.7
high,2023-12-11 09:00:00,370.71
low,2023-12-11 09:00:00,366.1
close,2023-12-11 09:00:00,368.714
open,2023-12-11 08:00:00,372.7
high,2023-12-11 08:00:00,374.23
low,2023-12-11 08:00:00,368.41
close,2023-12-11 08:00:00,370.65
open,2023-12-11 07:00:00,372.76
high,2023-12-11 07:00:00,373.34
low,2023-12-11 07:00:00,371.91
close,2023-12-11 07:00:00,371.99
open,2023-12-11 06:00:00,372.6
high,2023-12-11 06:00:00,372.79
low,2023-12-11 06:00:00,372.2
close,2023-12-11 06:00:00,372.7
open,2023-12-11 05:00:00,373.09
high,2023-12-11 05:00:00,373.25
low,2023-12-11 05:00:00,372.6
close,2023-12-11 05:00:00,372.7
open,2023-12-11 04:00:00,372.92
high,2023-12-11 04:00:00,373.93
low,2023-12-11 04:00:00,372.92
close,2023-12-11 04:00:00,373.09
open,2023-12-08 19:00:00,373.93
high,2023-12-08 19:00:00,373.99
low,2023-12-08 19:00:00,373.68
close,2023-12-08 19:00:00,373.99
open,2023-12-08 18:00:00,373.93
high,2023-12-08 18:00:00,373.94
low,2023-12-08 18:00:00,373.65
close,2023-12-08 18:00:00,373.94
open,2023-12-08 17:00:00,373.88
high,2023-12-08 17:00:00,374.23
low,2023-12-08 17:00:00,316.211
close,2023-12-08 17:00:00,373.9
open,2023-12-08 16:00:00,374.22
high,2023-12-08 16:00:00,374.25
low,2023-12-08 16:00:00,318.65
close,2023-12-08 16:00:00,373.84
open,2023-12-08 15:00:00,373.59
high,2023-12-08 15:00:00,374.46
low,2023-12-08 15:00:00,373.2
close,2023-12-08 15:00:00,374.25
open,2023-12-08 14:00:00,373.25
high,2023-12-08 14:00:00,373.97
low,2023-12-08 14:00:00,373.155
close,2023-12-08 14:00:00,373.57
open,2023-12-08 13:00:00,372.92
high,2023-12-08 13:00:00,373.29
low,2023-12-08 13:00:00,372.63
close,2023-12-08 13:00:00,373.24
open,2023-12-08 12:00:00,372.13
high,2023-12-08 12:00:00,373.04
low,2023-12-08 12:00:00,371.315
close,2023-12-08 12:00:00,372.86
open,2023-12-08 11:00:00,373.16
high,2023-12-08 11:00:00,373.38
low,2023-12-08 11:00:00,371.01
close,2023-12-08 11:00:00,372.142
open,2023-12-08 10:00:00,370.48
high,2023-12-08 10:00:00,373.33
low,2023-12-08 10:00:00,370.429
close,2023-12-08 10:00:00,373.148
open,2023-12-08 09:00:00,369.5
high,2023-12-08 09:00:00,375.94
low,2023-12-08 09:00:00,368.23
close,2023-12-08 09:00:00,370.45
open,2023-12-08 08:00:00,369.29
high,2023-12-08 08:00:00,370.95
low,2023-12-08 08:00:00,367.44
close,2023-12-08 08:00:00,369.5
open,2023-12-08 07:00:00,368.84
high,2023-12-08 07:00:00,370.28
low,2023-12-08 07:00:00,368.8
close,2023-12-08 07:00:00,369.77
open,2023-12-08 06:00:00,369.3
high,2023-12-08 06:00:00,369.41
low,2023-12-08 06:00:00,368.5
close,2023-12-08 06:00:00,368.8
open,2023-12-08 05:00:00,370.17
high,2023-12-08 05:00:00,370.46
low,2023-12-08 05:00:00,368.58
close,2023-12-08 05:00:00,369.31
open,2023-12-08 04:00:00,369.36
high,2023-12-08 04:00:00,370.6
low,2023-12-08 04:00:00,369.36
close,2023-12-08 04:00:00,370.17
open,2023-12-07 19:00:00,370.6
high,2023-12-07 19:00:00,370.74
low,2023-12-07 19:00:00,370.42
close,2023-12-07 19:00:00,370.55
open,2023-12-07 18:00:00,370.6
high,2023-12-07 18:00:00,370.95
low,2023-12-07 18:00:00,370.38
close,2023-12-07 18:00:00,370.6
open,2023-12-07 17:00:00,370.52
high,2023-12-07 17:00:00,385.277
low,2023-12-07 17:00:00,365.878
close,2023-12-07 17:00:00,370.82
open,2023-12-07 16:00:00,370.85
high,2023-12-07 16:00:00,371.604
low,2023-12-07 16:00:00,370.01
close,2023-12-07 16:00:00,370.54
open,2023-12-07 15:00:00,370.29
high,2023-12-07 15:00:00,371.453
low,2023-12-07 15:00:00,370.18
close,2023-12-07 15:00:00,370.85
open,2023-12-07 14:00:00,370.34
high,2023-12-07 14:00:00,371.22
low,2023-12-07 14:00:00,370.25
close,2023-12-07 14:00:00,370.285
open,2023-12-07 13:00:00,370.43
high,2023-12-07 13:00:00,370.89
low,2023-12-07 13:00:00,369.81
close,2023-12-07 13:00:00,370.39
open,2023-12-07 12:00:00,370.6
high,2023-12-07 12:00:00,371.25
low,2023-12-07 12:00:00,369.86
close,2023-12-07 12:00:00,370.44
open,2023-12-07 11:00:00,368.68
high,2023-12-07 11:00:00,370.59
low,2023-12-07 11:00:00,367.71
close,2023-12-07 11:00:00,370.59
open,2023-12-07 10:00:00,366.995
high,2023-12-07 10:00:00,370.11
low,2023-12-07 10:00:00,366.8
close,2023-12-07 10:00:00,368.675
open,2023-12-07 09:00:00,368.14
high,2023-12-07 09:00:00,373.93
low,2023-12-07 09:00:00,366.32
close,2023-12-07 09:00:00,367.04
open,2023-12-07 08:00:00,366.21
high,2023-12-07 08:00:00,369.96
low,2023-12-07 08:00:00,365.874
close,2023-12-07 08:00:00,368.08
open,2023-12-07 07:00:00,366.15
high,2023-12-07 07:00:00,367.15
low,2023-12-07 07:00:00,366.1
close,2023-12-07 07:00:00,367.15
open,2023-12-07 06:00:00,366.0
high,2023-12-07 06:00:00,366.36
low,2023-12-07 06:00:00,365.8
close,2023-12-07 06:00:00,366.06
open,2023-12-07 05:00:00,367.41
high,2023-12-07 05:00:00,367.54
low,2023-12-07 05:00:00,365.9
close,2023-12-07 05:00:00,366.15
open,2023-12-07 04:00:00,368.58
high,2023-12-07 04:00:00,368.98
low,2023-12-07 04:00:00,366.0
close,2023-12-07 04:00:00,367.41
open,2023-12-06 19:00:00,368.74
high,2023-12-06 19:00:00,368.93
low,2023-12-06 19:00:00,368.27
close,2023-12-06 19:00:00,368.31
open,2023-12-06 18:00:00,368.49
high,2023-12-06 18:00:00,368.92
low,2023-12-06 18:00:00,368.12
close,2023-12-06 18:00:00,368.74
open,2023-12-06 17:00:00,368.11
high,2023-12-06 17:00:00,368.75
low,2023-12-06 17:00:00,364.06
close,2023-12-06 17:00:00,368.3
open,2023-12-06 16:00:00,368.83
high,2023-12-06 16:00:00,371.655
low,2023-12-06 16:00:00,367.85
close,2023-12-06 16:00:00,368.17
open,2023-12-06 15:00:00,369.76
high,2023-12-06 15:00:00,369.97
low,2023-12-06 15:00:00,368.41
close,2023-12-06 15:00:00,368.81
open,2023-12-06 14:00:00,369.915
high,2023-12-06 14:00:00,370.53
low,2023-12-06 14:00:00,369.33
close,2023-12-06 14:00:00,369.776
open,2023-12-06 13:00:00,368.74
high,2023-12-06 13:00:00,371.124
low,2023-12-06 13:00:00,368.03
close,2023-12-06 13:00:00,369.92
open,2023-12-06 12:00:00,369.73
high,2023-12-06 12:00:00,369.88
low,2023-12-06 12:00:00,368.689
close,2023-12-06 12:00:00,368.75
open,2023-12-06 11:00:00,371.441
high,2023-12-06 11:00:00,371.55
low,2023-12-06 11:00:00,368.79
close,2023-12-06 11:00:00,369.73
open,2023-12-06 10:00:00,371.73
high,2023-12-06 10:00:00,374.07
low,2023-12-06 10:00:00,368.67
close,2023-12-06 10:00:00,371.44
open,2023-12-06 09:00:00,374.35
high,2023-12-06 09:00:00,375.0
low,2023-12-06 09:00:00,371.49
close,2023-12-06 09:00:00,371.8
open,2023-12-06 08:00:00,373.0
high,2023-12-06 08:00:00,374.5
low,2023-12-06 08:00:00,372.43
close,2023-12-06 08:00:00,374.35
open,2023-12-06 07:00:00,372.63
high,2023-12-06 07:00:00,372.99
low,2023-12-06 07:00:00,372.45
close,2023-12-06 07:00:00,372.87
open,2023-12-06 06:00:00,373.24
high,2023-12-06 06:00:00,373.3
low,2023-12-06 06:00:00,372.46
close,2023-12-06 06:00:00,372.51
open,2023-12-06 05:00:00,373.19
high,2023-12-06 05:00:00,373.3
low,2023-12-06 05:00:00,372.8
close,2023-12-06 05:00:00,373.24
open,2023-12-06 04:00:00,373.74
high,2023-12-06 04:00:00,374.42
low,2023-12-06 04:00:00,372.96
close,2023-12-06 04:00:00,373.16
open,2023-12-05 19:00:00,373.0
high,2023-12-05 19:00:00,374.41
low,2023-12-05 19:00:00,372.73
close,2023-12-05 19:00:00,374.41
open,2023-12-05 18:00:00,372.55
high,2023-12-05 18:00:00,373.0
low,2023-12-05 18:00:00,372.226
close,2023-12-05 18:00:00,372.88
open,2023-12-05 17:00:00,372.55
high,2023-12-05 17:00:00,372.8
low,2023-12-05 17:00:00,346.678
close,2023-12-05 17:00:00,372.55
open,2023-12-05 16:00:00,372.58
high,2023-12-05 16:00:00,372.82
low,2023-12-05 16:00:00,371.923
close,2023-12-05 16:00:00,372.55
open,2023-12-05 15:00:00,372.23
high,2023-12-05 15:00:00,372.63
low,2023-12-05 15:00:00,371.83
close,2023-12-05 15:00:00,372.58
open,2023-12-05 14:00:00,371.725
high,2023-12-05 14:00:00,372.26
low,2023-12-05 14:00:00,370.831
close,2023-12-05 14:00:00,372.224
open,2023-12-05 13:00:00,371.78
high,2023-12-05 13:00:00,372.98
low,2023-12-05 13:00:00,371.07
close,2023-12-05 13:00:00,371.735
open,2023-12-05 12:00:00,370.68
high,2023-12-05 12:00:00,372.07
low,2023-12-05 12:00:00,370.5
close,2023-12-05 12:00:00,371.769
open,2023-12-05 11:00:00,371.785
high,2023-12-05 11:00:00,373.075
low,2023-12-05 11:00:00,369.36
close,2023-12-05 11:00:00,370.66
open,2023-12-05 10:00:00,369.7
high,2023-12-05 10:00:00,373.075
low,2023-12-05 10:00:00,369.21
close,2023-12-05 10:00:00,371.79
open,2023-12-05 09:00:00,368.1
high,2023-12-05 09:00:00,370.06
low,2023-12-05 09:00:00,365.56
close,2023-12-05 09:00:00,369.76
open,2023-12-05 08:00:00,367.89
high,2023-12-05 08:00:00,369.45
low,2023-12-05 08:00:00,364.22
close,2023-12-05 08:00:00,368.02
open,2023-12-05 07:00:00,367.62
high,2023-12-05 07:00:00,368.08
low,2023-12-05 07:00:00,366.8
close,2023-12-05 07:00:00,366.86
open,2023-12-05 06:00:00,367.46
high,2023-12-05 06:00:00,368.13
low,2023-12-05 06:00:00,367.46
close,2023-12-05 06:00:00,367.62
open,2023-12-05 05:00:00,368.12
high,2023-12-05 05:00:00,368.23
low,2023-12-05 05:00:00,367.3
close,2023-12-05 05:00:00,367.44
open,2023-12-05 04:00:00,368.8
high,2023-12-05 04:00:00,369.35
low,2023-12-05 04:00:00,367.75
close,2023-12-05 04:00:00,368.24
open,2023-12-04 19:00:00,370.26
high,2023-12-04 19:00:00,370.36
low,2023-12-04 19:00:00,369.88
close,2023-12-04 19:00:00,370.15
open,2023-12-04 18:00:00,370.39
high,2023-12-04 18:00:00,370.5
low,2023-12-04 18:00:00,350.827
close,2023-12-04 18:00:00,370.26
open,2023-12-04 17:00:00,370.13
high,2023-12-04 17:00:00,377.72
low,2023-12-04 17:00:00,369.14
close,2023-12-04 17:00:00,370.44
open,2023-12-04 16:00:00,369.27
high,2023-12-04 16:00:00,371.0
low,2023-12-04 16:00:00,368.96
close,2023-12-04 16:00:00,370.01
open,2023-12-04 15:00:00,367.91
high,2023-12-04 15:00:00,369.52
low,2023-12-04 15:00:00,367.524
close,2023-12-04 15:00:00,369.27
open,2023-12-04 14:00:00,368.34
high,2023-12-04 14:00:00,368.71
low,2023-12-04 14:00:00,367.32
close,2023-12-04 14:00:00,367.91
open,2023-12-04 13:00:00,369.18
high,2023-12-04 13:00:00,369.46
low,2023-12-04 13:00:00,368.26
close,2023-12-04 13:00:00,368.32
open,2023-12-04 12:00:00,367.77
high,2023-12-04 12:00:00,369.265
low,2023-12-04 12:00:00,367.18
close,2023-12-04 12:00:00,369.17
open,2023-12-04 11:00:00,364.44
high,2023-12-04 11:00:00,367.99
low,2023-12-04 11:00:00,363.95
close,2023-12-04 11:00:00,367.77
open,2023-12-04 10:00:00,365.02
high,2023-12-04 10:00:00,368.93
low,2023-12-04 10:00:00,362.9
close,2023-12-04 10:00:00,364.44
open,2023-12-04 09:00:00,370.74
high,2023-12-04 09:00:00,370.8
low,2023-12-04 09:00:00,363.68
close,2023-12-04 09:00:00,365.02
open,2023-12-04 08:00:00,372.0
high,2023-12-04 08:00:00,374.51
low,2023-12-04 08:00:00,370.7
close,2023-12-04 08:00:00,370.7
open,2023-12-04 07:00:00,372.05
high,2023-12-04 07:00:00,372.39
low,2023-12-04 07:00:00,371.62
close,2023-12-04 07:00:00,372.27
open,2023-12-04 06:00:00,372.41
high,2023-12-04 06:00:00,372.69
low,2023-12-04 06:00:00,371.94
close,2023-12-04 06:00:00,371.98
open,2023-12-04 05:00:00,372.5
high,2023-12-04 05:00:00,372.64
low,2023-12-04 05:00:00,372.25
close,2023-12-04 05:00:00,372.41
open,2023-12-04 04:00:00,373.38
high,2023-12-04 04:00:00,374.97
low,2023-12-04 04:00:00,372.12
close,2023-12-04 04:00:00,372.51
